VP_Nr;Demo_Sex;Demo_Alter;Demo_Hand;Demo_Abschluss;Demo_Student;Demo_Fach;Demo_Taetigkeit;Demo_Sehschwaeche;Demo_Diop_links;Demo_Diop_rechts;Demo_Astigmatismus;Demo_Korrektur;AQK_1;AQK_2;AQK_3 ;AQK_4;AQK_5;AQK_6;AQK_7;AQK_8;AQK_9;AQK_10;AQK_11;AQK_12;AQK_13;AQK_14;AQK_15;AQK_16;AQK_17;AQK_18;AQK_19;AQK_20;AQK_21;AQK_22;AQK_23;AQK_24;AQK_25;AQK_26;AQK_27;AQK_28;AQK_29;AQK_30;AQK_31;AQK_32;AQK_33;ISKK_Alter;ISKK_Taetigkeit;ISKK_Geschlecht;ISKK_01;ISKK_02;ISKK_03;ISKK_04;ISKK_05;ISKK_06;ISKK_07;ISKK_08;ISKK_09;ISKK_10;ISKK_11;ISKK_12;ISKK_13;ISKK_14;ISKK_15;ISKK_16;ISKK_17;ISKK_18;ISKK_19;ISKK_20;ISKK_21;ISKK_22;ISKK_23;ISKK_24;ISKK_25;ISKK_26;ISKK_27;ISKK_28;ISKK_29;ISKK_30;ISKK_31;ISKK_32;ISKK_33;EXP_1_Denken;EXP_2_Aufgefallen;EXP_3_Schwierigkeit;EXP_4_Objekt;EXP_5_Szene;EXP_6_Anmerkung;Dauer min;Dauer s
1;0;28;1;3;1;Psychologie;;0;;;0;0;2;1;1;3;1;2;2;3;2;2;2;3;3;3;3;1;1;2;3;2;4;3;3;2;3;1;4;2;2;3;1;2;3;28;2;0;2;3;3;3;3;3;4;2;3;2;3;2;3;2;4;2;1;2;3;2;3;3;2;2;3;3;3;2;3;3;3;1;2;Um das Beobachten unterschiedlicher Situationen. Erkennen und Explorieren des Umfelds.;Die Blickrichtung der Personen. Personen auf den Bildern haben immer einen Gegenstand fixiert. ;4;S ge;Das Maedchen mit dem Sneaker auf dem Tisch.;;5;25
2;1;25;1;4;1;Psychologie;;2;1,25;0,25;1;1;3;2;2;4;2;2;1;4;2;1;1;3;3;2;3;1;1;1;4;2;4;2;1;1;4;1;4;1;4;3;1;2;1;25;2;1;3;3;1;3;4;3;2;3;1;3;2;2;3;3;3;1;1;2;2;3;1;1;2;2;2;3;2;2;3;4;2;2;1;zu erforschen, ob man sich eher an Objekte erinnert, die die Person auf dem Foto fixiert hat bzw. evtl auch, ob man diese Objekte als erstes anschaut;ein paar bekannte Personen auf den Fotos;5;Turnschuh;;;7;15
3;0;26;1;3;1;Wirtschaftsinformatik;;1;3,75;4,5;1;1;1;1;1;3;1;2;2;3;2;2;1;3;4;2;4;1;1;2;4;1;4;2;2;1;3;1;3;1;4;2;1;2;1;26;2;0;3;3;4;3;2;3;3;3;2;2;2;1;3;3;3;1;2;1;3;3;2;3;1;3;3;3;3;4;4;4;2;1;1;Wohin f llt der Blick als erstes, auf eine Person oder auf ein Objekt.;Personen, Objekte im der selbe Aufbau. Person meist zwischen den Objekten mit dem Blick zu einem bestimmten Objekt, nie in die Kamera;3;Spiegelreflexkamera;Entscheidung zwischen Wasser und Kaffee;;3;5
4;1;23;1;4;1;Psychologie;;0;;;0;0;2;2;1;4;1;2;1;4;2;2;2;3;3;3;3;2;2;1;2;2;2;1;2;1;2;3;4;2;4;2;1;2;2;23;2;1;4;3;3;4;3;3;3;3;2;4;3;2;2;2;2;2;2;2;3;2;2;3;1;2;3;3;2;1;2;4;3;4;2;Untersuchung, ob man sich die Objekte besser merken kann, die von den Personen betrachtet werden;viele bekannte Personen;3;Wassermelone;Mann in der Kïueche mit Blumenvase;;4;30
5;1;24;1;4;1;Psychologie;;0;;;0;0;1;2;1;4;1;2;1;3;2;1;1;4;4;1;2;2;1;2;4;2;3;2;1;1;3;2;4;1;3;4;1;1;2;24;2;1;3;2;3;2;4;4;1;2;1;2;1;2;2;3;2;1;2;2;2;3;1;1;1;4;1;3;3;4;3;3;2;4;1;"Ob und was man aud den Bildern zun chst fixiert und wie man weiter vorgeht. Ob man zun chst Menschen fixiert und dem Blick folgt, sodass man zun chst und ausf hrlich den fixierten Gegenstand der Person betrachtet; auf Grund der Frageb gen auch ob Pers nlichkeitseigenschaften und Verhalten in soz. Situationen und in der Gruppe Einfluss auf den Blickverlauf haben.";"alle folgten dem selben Schema; ein Mensch im Zentrum des Budes hat einen von 2 zentralen Gegenst nden fixiert";1;B rste (weil ich das Bed rfnis hatte mir meine Haare zu k mmen);die Entscheidung zwischen Musik h ren und dem Ordner;;4;50
6;1;23;1;4;1;Psychologie;;0;;;0;0;1;2;1;4;1;1;1;4;2;1;1;4;3;3;3;3;1;2;4;2;4;3;2;1;3;1;4;1;3;2;1;2;3;23;2;1;4;3;2;3;4;3;2;3;2;3;2;1;3;3;2;4;4;3;3;3;3;2;4;2;2;2;2;3;2;1;3;3;2;Guckt man als erstes/ fter/l nger da hin, wo die Person auf dem Bild hinschaut? Erinnert man sich eher an die Gegenst nde, die man l nger fixiert hat?;Alle Personen schauen einen der beiden Gegenst nde an;4;gr ne Kerze, Ventilator;Frau die im Saal steht, statt am Tisch sitzt;;;
7;1;26;1;3;1;Psychologie;;0;;;0;0;2;1;1;3;1;2;1;1;2;1;1;4;3;1;3;1;2;3;4;1;4;2;2;1;3;1;4;2;4;3;1;1;1;26;2;1;4;2;1;3;4;4;3;1;1;2;3;3;2;3;4;2;2;3;3;3;1;1;1;4;3;3;2;3;2;3;2;1;3;"Um die Fragge, ob man sich die Gegenst nde, die von der abgebildeten Person betrachtet werden, besser merken kann als die ""ignorierten"" Gegenst nde auf dem Foto.";Manche Hintergr nde waren ablenkender als andere (bsp. Bild in K che, oder Bild vor wei er Wand);5;Fotoapparat, weil altmodisch;Mann, in K che mit sch ner Topfblume;;8;0
8;1;21;2;3;1;Psychologie;;1;-0,75;-0,25;0;1;1;2;1;4;1;1;1;3;2;1;1;3;2;2;2;1;1;2;2;4;2;2;1;1;3;1;4;2;3;1;1;2;3;21;2;1;4;3;4;2;4;2;3;3;1;4;1;2;3;3;4;2;1;1;3;1;1;2;2;1;3;3;2;1;2;3;2;2;2;Aufmerksamkeitsausrichtung;;3;;;;4;0
9;0;26;1;Techniker f r Maschienenbau;1;Psychologie;;0;;;0;0;1;1;2;4;2;2;2;4;2;1;2;4;4;1;3;1;1;2;4;2;3;2;2;1;3;2;4;2;4;2;1;1;2;26;2;0;4;3;2;3;3;3;2;3;2;1;1;1;3;3;2;1;1;1;2;3;2;3;2;3;2;3;2;3;3;4;2;3;2;"Zuerst (w hrend der trials): Blickrichtung; Nach den Frageb gen: Erkennen von Intention, Absicht, Emotion evtl. feststellbar durch Blickdauer ins Gesicht";"Personen zeigen teilweise Emotionen/Szenen wechselten/Geschlecht wechselte; teilweise im sitzen/stehen";4;Melone, Hammer;Balkon;Bei einer echten Interaktion w rde ich mich evtl. anders verhalten (in Bezug auf den Blick) da die Person aktiv ist und ich vorerst keine Zeit habe die Umgebug zu explorieren.;4;26
10;0;24;1;4;1;Psychologie;;0;;;0;0;1;2;1;4;2;1;1;4;3;1;1;3;4;1;3;1;3;2;3;1;3;2;1;1;3;2;2;1;4;4;1;2;2;24;2;0;4;2;2;4;3;4;2;3;1;4;2;2;3;2;1;3;4;3;3;2;4;2;4;2;4;2;3;1;2;1;3;4;3;"Erinnern von Gegenst nden auf die Personen schauen ??? Zu den anderen. Bewegung der Augen auf Gegenst nde; Blick Person vs. Nicht.Blick";Nur dass Personen auf eins der beiden Objekte schauen und immer nach unten.;5;;;;2;48
11;0;26;1;4;1;Business Management;;0;;;0;0;2;3;1;2;1;2;1;3;3;1;2;4;4;2;3;3;1;3;3;1;3;2;2;1;4;4;4;1;4;3;1;1;2;26;2;0;3;2;2;3;3;2;2;1;1;1;1;2;2;1;4;2;2;1;3;2;3;1;1;2;3;3;4;3;2;3;4;1;1;;;5;S ge;Orange und Melone;;5;20
12;1;21;1;3;1;Psychologie;;1;-1,25;-1,25;1;1;2;1;1;1;2;1;2;3;2;1;1;3;3;3;3;2;2;2;3;1;2;3;2;2;2;1;3;2;3;2;2;3;1;21;2;1;3;3;4;2;3;3;3;4;2;3;2;2;2;2;4;2;2;3;2;1;3;3;2;3;4;3;2;2;2;4;2;1;3;Einfluss von Blickrichtung in Bildern auf Fixationsdauer der Probanden (+Erinnerungsleistung);Personen im Bild haben immer eines von 2 Objekten angeschaut;4;Klopapier;Mann +Melone+Orange;;3;56
13;1;21;1;3;1;Psychologie;;0;;;0;0;2;2;1;4;1;1;1;3;3;2;1;4;3;2;3;1;1;2;4;2;3;2;1;2;4;1;4;3;3;2;2;2;2;21;2;1;2;3;3;3;3;3;2;3;1;1;1;2;3;3;2;1;1;1;4;3;1;2;1;4;2;3;3;3;3;3;3;3;1;Evtl. kann man sich, dass was andere Personen angesehen besser merken, da man diese Objekte sofort betrachtet.;;3;;;;3;38
14;1;24;1;4;1;Psychologie;;1;-1,25;-1,25;1;0;1;2;1;4;1;2;1;4;2;1;1;4;3;2;4;1;1;2;4;2;4;2;2;1;3;1;4;1;4;3;1;2;1;24;2;1;4;2;3;3;4;4;1;3;1;1;1;2;3;3;4;1;1;2;2;3;2;2;1;3;1;3;2;3;3;4;2;2;1;Zusammenhang zw Blickrichtung;oft mehr auf den Hintergrund konzentriert;4;Globus;auf den Balkon/Terasse (drauueen);;10;0
15;1;21;1;3;1;Psychologie;;0;;;1;1;2;3;2;3;1;1;2;4;1;2;2;4;4;4;4;1;1;1;1;2;2;2;1;1;4;1;4;1;4;4;1;2;1;21;2;1;3;2;3;2;3;3;2;2;1;2;2;2;3;4;2;3;2;2;3;2;2;2;2;3;2;3;2;2;3;3;2;2;2;Augenbewegung, Aufmerksamkit Kurzzeitged chtnisbearbeitungsprozesse;;3;;;;4;42
16;1;44;1;2;0;;Justizangestellte;0;;;0;0;2;1;3;4;2;2;1;2;3;1;1;3;4;2;2;4;3;2;4;2;3;4;1;1;3;1;3;1;2;2;1;2;2;44;4;1;3;3;4;3;3;4;3;3;1;3;2;4;2;2;2;2;1;2;2;2;2;1;2;4;4;2;2;4;3;4;2;3;2;Auf was wird zuerst geachtet wenn man ein Bild betrachtet. Vielleicht der Unterschied der Blickbetrachtung zwischen Mann und Frau.;Alle Menschen hatten keine Mimik - kein Anzeichen eines Gef hles im Blick. ;3;Vase mit der gro en Blume;;;3;11
17;1;20;1;3;1;Psychologie;;1;-1;-1,75;0;1;1;3;1;3;1;2;1;3;2;2;1;4;3;2;3;1;2;3;4;1;3;2;2;1;3;1;4;1;3;3;1;2;2;20;2;1;3;3;2;3;3;3;2;2;2;3;2;2;2;3;4;1;2;2;3;3;2;2;1;3;2;2;3;2;4;3;2;1;1;Ob man bestimmte Objekte l nger betrachtet und besser erinnert ;Die Personen haben immer auf eins der beiden Objekte geschaut;4;Globus;Das Muedchen mit dem Stuhl/Restmuell am Wittel;;10;0
18;1;24;2;4;1;Psychologie;;0;;;0;0;2;2;1;4;1;2;2;3;1;1;2;4;2;3;4;1;1;2;4;3;3;1;3;2;4;1;4;2;4;3;2;2;1;24;2;1;3;2;2;3;4;3;2;3;1;4;2;1;4;3;2;2;1;2;2;3;1;3;1;3;2;4;4;1;3;3;1;3;2;;1,2 bekannte Personen;1;orange Sonnenbrille;Wendeltreppe am Witter mit Stuhl und Muelleimer;;6;20
19;1;23;1;4;1;Psychologie;;1;2,75;3,5;1;1;1;2;2;4;1;1;1;4;1;1;2;4;4;2;4;1;2;2;4;2;3;2;2;1;3;1;4;1;3;3;1;2;2;23;2;1;3;3;2;3;4;4;2;4;2;4;3;2;3;2;3;2;3;2;2;3;1;3;1;3;2;2;3;2;3;2;2;1;3;Soziale Aufmerksamkeit;Ein Objekt vs. Zwei Objekte im Zentrum;4;S ge, Hammer;Globus Bild;;4;52
20;1;21;1;3;1;Psychologie;;0;;;0;;1;3;2;4;1;1;1;3;1;1;1;4;4;2;4;1;1;2;4;2;4;2;2;1;4;1;4;1;4;3;1;2;1;21;2;1;4;3;3;3;3;4;3;3;2;3;1;2;4;3;4;2;1;1;2;2;2;3;1;3;4;3;2;2;3;4;1;1;2;unbewusste Aufmerksamkeitslenkung (Fokus) auf Personen vs. Objekte, die thematisch zus. Passen / nicht zusammenpassen;je Bild blickte die abgebildete Person auf eines der mit ihr abgebildeten Objekte. Teilweise passen die Objekte (zueinander/mit ihrer Umgebung) thematisch zusammen, teilweise aber auch gar nicht;4;Meterstab;Herr in Kueche mit Blume und Kaffeekanne;;6;40
21;0;26;1;4;1;Politikwissenschaft;;0;;;0;0;1;1;1;3;1;3;1;3;2;1;2;3;3;4;4;1;1;4;2;4;3;2;2;1;3;1;4;1;3;2;1;2;1;26;2;0;4;3;2;3;4;3;2;3;2;2;2;2;3;4;4;2;1;1;3;3;2;3;1;3;2;3;4;2;3;3;2;1;2;"auf welches Objekt ich gucke; ob auf das Objekt auf das die Person im Bild schaut ; ob ich mich eher an die Objekte erinnere auf die, die Person schaut";2 Objekte, Person schaut immer eins der beiden an;3;Kaffem hle, Melone; lterer Mann drau en mit Melone und Orange;;4;27
22;1;24;1;4;1;Psychologie;;0;;;0;;2;2;2;3;1;1;1;3;2;2;2;4;2;1;3;1;2;2;4;2;3;2;2;1;4;1;4;2;3;3;1;2;1;24;2;1;4;2;3;3;3;3;2;3;1;3;2;2;3;3;4;2;1;2;2;3;2;4;1;2;3;3;3;1;3;3;2;1;2;;;3;Stethoskop , weil ungew hnlich;Szene mit Stethoskop  + Helm + Landschaftsbild, aber eigentlich keine bestimmte;;9;27
23;1;23;1;4;1;Psychologie;;1;-4;-2,5;0;1;1;1;1;4;1;1;1;4;1;1;1;4;3;1;2;2;1;2;4;2;4;1;1;1;3;1;4;1;4;4;2;2;2;23;2;1;3;3;3;3;4;3;2;3;2;3;1;2;2;2;2;1;1;2;3;3;1;3;1;3;4;3;4;3;3;4;2;2;1;"dem Blick der Person auf den Fotos folgen; erinnert man sich eher an die Objekte, die sich Personen angeschaut/nicht angeschaut haben";;4;Kamera und S ge;drau en (Balkon oder Garten);;2;23
24;0;22;2;3;1;Psychologie;;0;;;0;0;2;2;3;3;3;2;2;3;3;2;2;4;4;1;4;2;2;2;4;1;4;3;1;1;3;2;3;1;3;4;2;3;3;22;2;0;3;3;3;3;2;3;2;1;3;2;1;1;1;2;4;1;2;3;3;2;2;1;3;3;2;2;1;4;4;3;3;1;1;ob man sein Blickverhalten (welches Objekt man zuerst oder l nger betrachtet) an die Blickrichtung der Person anpasst;Personen haben immer ein Objekt angesehen;3;;alter Mann vor Fernglas und Kamera;;6;0
25;1;22;1;4;1;Medizin;;1;-5;-6;1;1;3;2;1;2;2;3;1;2;1;1;1;4;3;2;2;3;3;2;2;2;3;3;2;1;2;1;4;1;3;3;1;2;1;22;2;1;3;2;3;3;3;3;3;3;2;3;2;2;2;2;3;3;2;2;2;3;2;3;2;3;3;2;3;2;2;3;2;2;3;Zusammenhang Empathief higkeit und Blick folgen oder eher nicht;Die Leute hatten die Wahl zwischen gegenst nden und haben auf einen von beiden geguckt, aber ohne danach zu greifen.;3;Yogamatte, S ge, Hammer, Melone und Orange;Die am Wittel;Ich wei  nicht, ob das beabsichtigt war, aber oft habe ich mir auch einfach den Hintergrund angeguckt, weil der so spannend war.;4;50
26;1;25;1;4;1;Psychologie;;0;;;0;0;1;3;2;4;3;4;1;4;3;1;1;2;4;3;3;2;2;2;2;1;3;2;2;1;3;2;4;1;3;3;1;3;1;25;2;1;4;2;3;3;3;4;2;3;2;4;2;1;4;3;3;2;1;1;2;2;1;2;1;4;1;3;2;1;2;3;2;2;3;Bilder die von Betrachter auf dem Foto angesehen wurden werden signifikant l nger angeschaut + besser erinnert ;;5;Digicam (als erstes);Melone + Orange (auf Balkon);;4;22
27;1;18;1;3;1;Psychologie;;1;4,25;4,5;1;1;1;2;1;3;1;2;2;3;2;1;1;4;3;2;2;1;2;3;3;2;4;2;2;1;2;1;3;2;3;2;2;1;2;18;2;1;3;2;2;3;3;2;4;2;2;4;3;3;3;3;4;2;1;2;2;3;2;3;2;3;3;3;3;2;2;3;2;2;3;Worauf man bei einem Bild am meisten achtet;Dass die Personen sich immer einem von zwei Objekten zugewandt haben;5;Ein Globus;Eine  ltere Frau die auf einer Couch sitzt;;2;43
28;1;25;1;4;1;Psychologie;;1;-4,5;-4,75;0;1;2;3;1;3;2;3;2;3;2;1;1;3;4;1;4;1;1;3;4;2;2;2;1;1;4;1;4;1;4;3;1;1;1;25;2;1;4;2;3;4;3;3;4;3;3;3;2;2;3;2;2;2;1;4;2;2;2;3;1;3;4;2;3;2;2;4;2;2;3;"Merkf higkeit; Blick eher auf Menschen als auf Objekten?";Die Personen haben meistens zwei Objekte im Vordergrund liegen und sehen (eher ausdruckslos) eines davon an. Sie sitzen immer. Eher Alltagsgegenst nde.;3;Ukulele;Frau am Tisch mi Feder und Skulptur (Elefant?);;10;0
29;1;24;1;4;1;Lebensmittelchemie;;0;;;0;0;4;2;1;4;2;3;4;4;2;1;1;3;4;1;3;2;2;1;4;2;3;3;1;1;4;1;3;1;3;3;1;2;1;24;2;1;3;4;1;3;3;4;2;1;1;2;2;1;1;3;2;2;1;1;1;2;1;1;2;3;1;3;4;3;4;2;1;3;1;Wo ich auf dem Bild hinschaue, zB. Ob ich immer erst auf das Objekt schaue auf das die Person schaut und dann das andere oder andersrum.;Alle Bilder mit 1 Person und 2 Objekten im Vordergrund, keine Person hat gel chelt;4;Wassermelone und Orange auf einem Bild;Der wei haarige gro e Mann in der K che;;7;35
30;0;24;1;3;1;Musikp dagogik;;1;4;4,25;1;1;2;2;1;3;1;2;2;2;2;2;1;4;4;2;3;2;2;3;4;2;4;2;1;2;3;3;4;2;3;4;1;1;1;24;2;0;3;3;2;3;4;4;2;3;2;4;2;3;4;3;3;1;1;2;3;4;2;3;1;3;2;3;2;3;4;3;2;2;1;Ob sich autistisch veranlagte Menschen Dinge besser merken k nnen;Alle Personen haben nur eines der beiden Objekte angesehen.;2;Kaffeem hle;Mann mit Melone und Orange;;9;25
31;1;23;1;4;1;Psychologie;;0;;;0;0;2;2;1;4;1;1;1;3;2;1;1;4;4;2;3;1;1;1;3;3;3;1;2;1;3;1;4;3;4;3;1;1;1;23;2;1;3;2;1;3;4;3;3;3;2;3;2;2;4;3;2;1;1;2;2;2;1;2;1;3;3;4;2;2;4;4;2;2;1;Merkt man sich Objekte auf Bildern eher, wenn die Personen auf den Bildern sie ansehen?;Immer eine Person, die ein Objekt betrachtet (meist trauriger / nachdenklicher Gesichtsausdruck. Oft zweites Objekt, das nicht betrachtet wird, daneben.;4;Melone;Frau sieht traurig auf ihr Handy;;9;50
32;0;28;1;3;1;Lehramt Gym Bio/Chemie;;1;0,25;0,5;1;0;2;2;1;2;1;3;2;4;2;2;2;3;3;2;3;2;2;3;3;1;4;2;2;2;3;2;3;1;3;4;2;2;2;28;2;0;2;3;3;3;2;3;3;3;2;4;3;3;3;2;3;3;2;3;3;3;2;3;2;2;3;2;3;3;3;2;3;2;3;Vielleicht geht es darum, wie sehr ma sich von den Personen im Bild davon ablenken l sst, die Gegenst nde zu betrachten.;Alle Personen haben eher unbeteiligte Gesichtsausdr cle und sehen nach schr g unten an der Kamera vorbei. Ich glaube, es kamen nur Gegenst nde aus dem Haushalt vor.;4;Die Yogarolle;Der Mann mit Hammer und S ge;;7;30
33;1;24;1;4;1;Psychologie;;0;;;0;0;1;2;2;4;1;2;1;4;1;1;1;3;3;2;4;1;1;2;4;2;3;2;2;1;3;2;4;2;3;3;2;2;2;24;2;1;3;3;2;3;3;3;1;2;1;3;2;2;3;3;2;2;2;1;2;2;1;2;1;3;1;3;3;2;3;2;2;3;2;Welches Objekt betrachte ich zuerst/schenke ich mehr Aufmerksamkeit (Zu den die Person blickt oder das andere) oder schaue ich mehr Person oder Objekt an;Person schaut immer ein Objekt von zweien an;3;Stethoskop ;Alter Mann auf Terasse;;6;20
34;1;25;1;4;1;Psychologie;;0;;;0;0;3;3;1;4;2;3;1;3;2;1;1;3;3;1;3;2;2;3;4;2;3;2;2;2;4;1;3;2;2;3;2;1;1;25;2;1;4;2;3;3;3;3;3;4;2;2;2;3;3;4;3;3;1;2;3;2;2;2;2;3;3;3;3;3;3;4;2;3;2;Ob man sich die Dinge auf die die Person in dem Bild schaut eher merken kann als die anderen Objekte;VP schaut immer auf ein Objekt;3;Elefant + Feder;;;10;0
35;1;24;1;3;0;;Gesundheits- und Kinderkrankenpflege;0;;;0;0;2;1;2;4;2;3;2;3;3;2;2;2;2;3;2;2;2;3;2;2;3;2;2;2;2;1;3;1;3;2;2;2;2;24;4;1;3;2;3;3;3;2;3;3;3;3;2;3;4;3;2;3;2;1;1;2;2;3;2;2;4;3;3;2;2;4;2;3;2;M glocherweise wo mein Blick zuerst hingeht und ob ich mich davon beeinflussen lasse, dass die Personen auf den Bildern immer eins der Objekte mit ihren Augen fixiert?;"Die Personen haben immer eins der Objekte fixiert, ich glaube sogar, dass sie immer das linke Objekt betrachtet haben. (bin nicht mehr sicher) In manchen Abbildungen sehr viel ""Ablenkung"" im Hintergrund. In Anderen gar nicht.";2;Stethoskop ;Ein Mann der drau en vor dem Haus auf einem Stuhl am Tisch sitzt. Vor ihm liegen links ein Fernrohr und rechts die Kamera. Er betrachtet das Fernrohr. Vermutlich im Garte.;;10;0
36;0;24;1;3;1;Humanmedizin;;0;;;0;0;1;2;1;4;2;2;1;4;1;1;1;3;4;2;4;1;1;1;4;1;2;1;1;1;4;3;4;1;4;4;1;1;2;24;2;0;3;4;2;4;4;4;2;1;2;3;1;2;4;3;3;3;4;3;4;4;2;3;2;4;2;4;4;4;4;3;3;1;1;Ich glaube, dass es darum geht, wie man unbewusst Objekte zu Menschen verbindet, oder Objekte zu einander, oder wie man es prioritisiertm welche/was man und in welcher Reihenfolge anschaut. Eventuell wurde getestet wie oft man beide Hauptobjekte im selben Bild gemerkt und eingepr gt hat.;In jedem Bild habs eine Person mit zwei Hauptobjekten am Tisch oder direkt daneben.;1;;;;10;0
37;1;23;1;4;1;Psychologie;;1;-1;-2;0;1;2;1;2;3;2;3;3;2;3;1;1;4;3;3;2;3;2;3;4;2;3;3;2;2;4;2;4;2;2;1;3;2;2;23;2;1;3;2;2;1;4;2;2;1;2;3;3;2;2;3;3;2;2;3;3;3;3;1;2;2;3;1;4;2;2;4;3;2;1;Blickverhalten beim Betrachten von Bilder, dem Blick anderer zu folgen;Personen schauten auf einen von zwei Gegenst nden;2;Kamera und Fernglas;mit Kamera und Fernglas, Mann auf Bank drau en;;10;0
38;0;55;1;3;1;Psychologie;;1;-2,75;-2,45;1;1;2;1;1;3;1;3;2;1;1;1;1;3;4;1;4;2;1;2;4;1;3;2;2;1;4;1;4;2;3;4;1;2;1;55;2;0;4;3;1;2;4;3;1;2;1;2;2;1;3;4;4;1;3;2;3;3;1;2;1;4;1;4;4;4;4;2;3;1;1;Inwieweit man sich besser merkt, was der/die gezeigte Betrachter/in anschaut? Ged chtnisleistungen im Hiblick auf Verweildauer des Blickes auf jedes (gesamte) Objekt? Pers nlichkeitsmerkmale (BIG 5) und Explorationsverhalten?;"Person hat immer ein Objekt angeschaut, meist hatten die Objekte einen Bezug zueinander, Personen alt/jung +  m nnl./weibl. = gut gemischt; sch ne Einrichtungen, interessante Hintergr nde, klare Pr sentation der 2 ""Fokus""-Objekte, die gut zum Gesamtdekor gepasst haben.";4;Die LED Taschenlampe;Der  ltere Herr am gealterten Naturholztisch mit den vielen Pflanzen im (teils gespiegeltem) Hintergrund;;10;0
39;1;29;1;4;1;Psychologie;;1;-0,5;-0,6;1;1;3;2;1;3;1;2;2;1;3;2;2;2;4;1;3;2;1;1;4;3;3;3;2;1;3;3;3;1;4;3;2;3;3;29;2;1;4;2;2;3;2;2;1;3;1;3;1;1;3;3;2;2;2;3;3;3;1;3;2;2;1;2;3;2;4;3;3;3;3;Wie man eine Situation beobachtet. Menschen in der Umgebung mit Situationsspassenden/ nicht passenden Objekten;Es gibt immer jeweils 2 Objekte auf dem Tisch und auff llige Gegenst nde im Hintergrund;4;"Orange, ???, ein gruseliges Bild hinter einer Frau ; Eine Zeitschrift und Stethoskop.";Ein Mann sitzt in einer K che am Tisch.;;10;0
40;0;23;2;3;1;BWL;;0;;;0;0;1;3;1;3;1;1;2;4;2;3;2;3;3;1;2;2;2;2;3;1;3;2;1;1;3;4;3;2;3;4;2;2;4;23;2;0;3;3;3;3;2;3;2;3;2;2;3;1;2;2;3;2;3;3;3;3;3;1;2;1;1;3;3;4;4;4;4;1;2;;Alle Bilder sehr  hnlich;3;Zollstock in W-Form;Frau auf dem Sofa mit Globus im Vordergrund;;10;0
41;0;24;1;4;1;Biochemie;;0;;;0;0;2;2;2;4;1;1;3;2;1;2;2;3;3;3;3;1;1;1;3;3;4;1;3;2;3;4;4;2;3;2;2;1;1;24;2;0;3;3;2;4;3;3;2;4;2;4;3;2;4;3;3;2;3;3;2;3;1;4;2;2;2;4;3;2;2;3;2;2;2;Aufmerksamkeit, Auffassungsverm gen;Leute schauen immer auf eins der 2 platzierten Objekte;4;Stetoskop;Mann auf der Couch, der aufgest tzt sitzt;;10;0
42;0;19;1;3;1;Psychologie;;0;;;0;0;1;3;2;3;1;2;1;3;1;1;2;3;3;1;3;2;1;3;2;1;3;1;4;1;3;1;4;1;4;3;1;1;2;19;2;0;4;2;1;2;4;2;3;3;2;4;1;2;4;4;3;4;2;1;2;3;2;4;1;3;3;4;4;1;2;3;1;1;1;"unterschiedliche Merkf higkeiten durch verschiedene Stategien; Geschichten  berlegen, was abgebildete Menschen mit Gegenst nden machen k nnten";Die Bilder haben obt zusammengepasst: Die Zimmer, das Inventar, die Objekte und die Personen lie en sich leicht zu einer Geschichte erg nzen;4;Handy;der Mann, der vor Fotoapparat& Fernglas sitzt;;10;0
43;0;22;1;3;1;Psychologie;;0;;;0;0;2;3;1;4;1;2;2;3;2;1;2;4;4;2;3;2;2;2;3;1;3;2;2;1;2;3;4;1;4;3;1;2;3;22;2;0;2;2;2;3;3;3;4;4;2;4;2;3;3;3;4;2;1;4;2;2;4;4;1;2;4;3;3;2;2;4;2;1;2;Ob es einen Link zwischen Pers nlichkeit und eye tracking gibt. Und zwar in Interaktion mit andere Leute;Jede Person hat immer eins von 2 Objekten geschaut, wahrscheinlich hat sie es gew ht und da kann man versuchen etwas  ber die Person zu raten. (Welche gegenseitigen Aspekte ihrer Pers nlichkeit zeigen sie durch diese Szene?);2;Fumelle;Fumelle und Fotoapperat auf einen Holztisch;;10;0
44;1;21;2;3;1;Psychologie;;1;2,5;3;0;1;1;2;1;4;1;2;1;4;3;1;1;4;4;1;4;4;2;2;2;1;3;2;2;1;4;1;4;1;3;3;1;2;2;21;2;1;4;3;2;4;3;4;2;3;2;3;2;2;2;2;2;2;2;2;2;3;2;2;1;4;2;3;3;3;3;2;2;3;2;Obwohl es die Aufgabe war, sich die Objekte zu merken, fixiert man als erstes die Menschen, vlt. Die frage ob man sich durch die Aufgabenstellung beeinflussen lassen l sst und nicht auf Menschen fixiert. Und ob man sich die Objekte besser merken kann, die Menshen anschauen;Die Menschen haben immer eins der beiden Objekte angeschaut;5;F hn;Frau die auf Balkon sitzt und Buch anschaut;Ich habe mit viele Situationen gemerkt, die Objekte dazu aber nicht, Welche Personen/welche Umgebung. Trotz Aufgabenstellung ist es mir schwerer gefallen die Objekte zu merken als die Personen;4;15
45;1;25;1;4;1;Psychologie;;1;0,5;0,75;0;0;1;2;2;3;1;3;2;3;3;1;1;4;2;3;2;2;2;3;2;2;2;3;2;1;3;3;3;2;3;3;2;2;4;25;2;1;3;2;3;3;3;2;2;2;2;2;2;2;2;3;3;2;2;2;1;2;1;1;1;1;3;2;3;1;3;2;2;2;3;;;5;S ge;Zimmer mit Streifen an der Wand;;10;0
46;1;23;1;4;1;Psychologie;;0;;;0;0;3;2;1;4;1;3;2;4;2;2;2;4;3;3;3;2;2;3;2;3;3;2;2;2;3;2;3;2;3;3;2;2;3;23;2;1;3;2;1;3;3;3;2;3;1;2;3;3;3;3;1;2;3;1;2;4;2;3;2;3;2;3;3;3;2;2;2;3;3;Ob man die Dinge, sie von den Menschen auf den Bildern fixiert werden besser erinnert;Verschiedene Menschen in verschiedenen R umen;4;Handtuch, Glas;das erste Bild;;10;0
47;1;21;1;3;1;Mensch-Computer-Systeme;;1;0,5;0,5;0;0;1;1;2;2;1;1;2;3;2;1;1;4;4;3;4;1;2;2;2;1;3;2;3;1;3;1;4;1;3;3;1;2;1;21;2;1;4;2;2;4;4;3;2;3;1;3;2;2;3;3;4;2;2;2;3;3;1;2;1;4;2;3;4;2;2;3;2;1;2;Ob man die Gegenst nde die der Gegen ber ansieht auch als erstes fokusiert;Die Mimik der Personen hat sich ge ndert, sie haben immer einen Gegenstand fokussiert;4;Melone;Am Wittel im Durchgangszimmer;Tolle Versuchleitung;4;0
48;1;21;1;3;1;Mensch-Computer-Systeme;;0;;;0;0;3;2;1;4;1;1;1;2;2;1;1;4;4;3;4;4;2;2;2;3;4;1;2;1;3;1;2;1;3;2;1;2;2;21;2;1;3;3;2;3;3;4;3;2;2;4;3;3;3;3;3;2;1;2;1;1;2;2;2;3;3;4;3;2;2;4;1;2;2;Ich glaube dass getestet worden ist ob man bestimmten Menschen vielleicht ein bestimmtes Objekt bzw. 2 zu ordnen kann;Ein M dchen hatte ein schwarzwei es Shirt an und ein schwarz-wei es Kissen bei sich. Das ist mir im Ged chtnis geblieben. Auch der Mann mit Hammer und S ge.;4;Das schwarz-wei e Kissen;Der Mann mit Hammer und S ge;;9;0
49;0;23;2;4;1;Psychologie;;1;4,5;4,5;1;1;2;1;1;3;2;4;2;2;3;3;1;3;2;3;2;2;2;2;2;3;2;3;3;2;4;2;4;2;3;2;2;1;3;23;2;0;3;2;3;3;4;2;2;3;2;4;4;2;2;2;4;3;1;3;1;3;3;2;2;3;2;1;4;1;3;3;2;2;2;ob man zuerst auf die Objekte blickt, auf die ach die Personen in den Bildern Blicken und ob man diese Objekte eher erinnert;ich kannte drei Personen auf den Bildern. Jede Person hatte 2 Gegenst nde vor sich und einen hat sie davon angeschaut;5;Faszienrolle;Bild mit Eva;;3;36
50;1;23;1;4;1;HCI;;0;;;0;;2;3;2;4;2;2;1;4;3;2;2;3;3;2;3;2;2;3;3;2;3;3;2;2;4;2;3;2;3;3;2;2;3;23;2;1;3;2;2;3;4;3;2;3;2;2;2;2;3;3;2;2;1;1;2;3;2;3;2;3;2;3;3;3;3;3;2;3;2;Vielleicht merkt man sich Gegenst nde, auf die andere Menschen auf Bildern gucken eher als wenn die Gegenst nde nur so pr sentiert werden;Am Anfang habe ich viel umhergeschaut und ein bisschen ausgeblendet, dass die Menschen auf dem Bild auch etwas bestimmtes anschauen, das ist mir dann erst so ab der H lfte aufgefallen;3;Kopfh rer;gro er weiter Raum ( in der Uni?) mit stehendem M dchen, dass auf Papierkorb schaut;;7;30
51;1;25;1;4;1;Psychologie;;0;;;0;0;1;2;1;4;1;1;1;4;3;1;1;4;3;1;3;1;1;2;4;2;2;1;1;1;4;1;4;1;4;2;2;1;1;25;2;1;3;2;1;3;3;3;1;3;2;3;1;1;3;3;3;2;1;1;1;3;2;2;1;3;1;4;4;2;3;3;3;1;1;Wo man im Bild hinguckt;Immer eine Person die einen von zwei Gegenst nden anschaut;5;rote Brille;M dchen in einem Raum, sehr hohe Decken, Holz (Wendel?)-treppe, Parkett;;3;50
52;0;30;1;5;1;Humanmedizin;;0;;;0;0;2;1;2;3;1;2;2;2;3;2;1;3;2;2;2;3;3;2;3;3;4;3;2;1;2;2;3;2;3;3;2;3;3;30;2;0;3;3;2;3;3;2;2;4;3;2;2;2;3;3;3;2;2;3;3;2;3;3;3;3;2;2;3;3;3;4;3;3;2;Objekte und Gesichter erkennen, ggf. ob etwas Auff llige im Hintergrund auff llt.;Alle Personen hatten 2 Objekte vor sich liegen und haben sich f r eine Seite entschieden. Die Prsonen sahen meist neutral oder ernst/traurig aus. Eine Person kannte ich pers nlich.;3;Digitalkamera;Der junge Mann, der eine S ge vor sich auf dem Holztisch liegen hatte;;5;30
53;1;21;1;3;1;Psychologie;;1;-1,25;-1,25;1;1;2;1;2;2;2;2;2;3;2;1;1;3;2;2;3;2;2;2;3;2;2;3;2;2;2;1;3;2;2;2;2;3;1;21;2;1;3;2;4;3;3;2;3;4;3;4;2;2;2;2;3;2;2;3;3;2;2;3;2;3;4;2;2;2;2;4;3;1;3;Einfluss von Blickrichtung auf die Bilder auf Erinnerungsleistung des Probanden/Fixationsdauer;;4;Blackroll;Mann mit Melone und Orange;;4;20
54;0;26;1;5;1;Lehramt Deutsch/Englisch;;1;2,5;2,25;1;0;1;1;1;2;1;2;2;4;3;2;2;3;3;3;3;1;1;2;3;2;4;2;2;2;4;1;3;2;3;3;2;1;3;26;2;0;3;3;3;2;3;3;3;2;3;3;2;3;4;2;3;2;1;3;2;3;3;4;1;2;3;3;3;3;2;3;2;1;3;;;3;Fotoapparat;Der Herr mit dem Foto dem Ferngals;;4;45
55;0;27;1;5;1;Business Management;;2;4,5;4,5;1;1;1;2;2;4;2;2;1;4;2;2;1;3;3;2;4;2;2;2;3;2;3;2;2;1;3;2;3;1;3;3;1;1;2;27;2;0;3;3;2;3;3;4;2;3;3;2;2;2;3;3;4;3;2;1;3;4;2;3;2;3;1;3;4;3;3;3;2;1;2;Auf welches Objkt die Person schaut und ob ein Blick hindurch beeinflusst wird;Person schauen immer auf einen de Gegenst nde;3;Hut;Couch mit Bild dar ber;;4;0
56;0;20;1;3;1;Psychologie;;0;;;0;0;1;1;2;4;3;2;1;4;2;1;2;3;3;3;3;2;1;2;4;2;4;3;3;1;2;2;4;1;3;2;2;3;3;20;2;0;3;3;2;3;2;3;2;3;2;2;3;2;3;3;4;3;2;2;3;3;2;3;2;3;3;3;2;3;3;3;2;1;3;ob die Selbsteinsch tzung mit den eigenen Daten  bereinstimmt. Ged chtnistet mit Affiliation> merkt man sich Gegenst nde besser, auf die die Person geblickt hat? (Primary/Recency Effekt);Immer 2 Gegenst nde, davon schaut die Person immer einen direkt an;2;S ge;M dchen auf Sofa schaut auf Globus;;8;0
57;1;24;1;4;1;Psychologie;;2;3,75;3,75;1;1;1;2;1;4;1;1;1;4;2;1;1;4;4;3;1;1;1;1;1;2;4;1;1;1;4;1;4;1;3;2;2;1;1;24;2;1;4;3;2;4;3;3;2;3;3;3;1;2;3;2;3;2;1;1;2;4;1;2;1;3;3;3;3;4;4;4;1;3;1;ob ich die Gegenst nde oder Personen anschaue;immer 2 Gegenst nde vor Person und einer davon wurde angeschaut ;5;rote Schale;Frau vor Abfalleimer und Stuhl im Wittel;;4;20
58;1;22;1;4;1;Musikwissenschaft/Sonderp dagogik;;0;;;0;0;2;2;1;4;1;3;1;4;3;1;2;2;3;1;3;1;1;3;4;2;2;2;1;1;4;2;4;1;3;3;2;2;4;22;2;1;2;2;1;3;3;4;3;3;2;2;4;2;3;2;2;1;1;3;3;3;3;3;1;2;3;3;3;4;4;3;3;3;1;Allt glicher Blickkontakt zwischen Menschen oder wie wir auf Menschen blicken - erster Eindruck durch Sehen. Wie aufmerksam sind wir in Bezug auf den Gegen ber;Die Gegenst nde hatten teils einen gemeinsamen Nenner (Obst) (Kaffee, Thermoskanne, M hle usw.);3;Fernglas und Globus;Szene im Wittel/Durchgangsraum mit Frau (M lleimer und Stuhl);;6;0
59;1;25;1;4;1;Soziale Arbeit;;1;1,5;1,5;1;1;1;2;1;3;1;2;1;3;2;1;2;4;4;2;4;2;1;3;4;2;2;1;2;1;3;1;4;1;4;3;1;2;1;25;2;1;1;3;2;2;4;4;2;1;1;2;2;1;3;3;2;3;2;2;2;3;2;2;1;3;1;3;3;2;3;3;3;3;2;Eine Autismus-Studie. Werden l nger die Gesichter oder die Gegenst nde fixiert;Ich hatte das Gef hl, dass die Gesichtsausdr cke am Anfang st rker waren  mehr Emotionen gezeigt wurden. Manche Bilder waren klarer, wenn die Gegenst nde frontal gerade aus gerichtet waren;3;Melone, sch n gr n und voll;Betr bt blickender Mann auf Fotoapparat, daneben der Feldstecher;;3;30
60;1;23;1;4;1;Nanostrukturtechnik;;2;4,5;2,5;1;0;1;2;1;4;1;1;1;4;1;1;2;4;4;2;4;1;1;2;4;1;4;2;1;1;4;1;4;1;4;3;1;3;1;23;2;1;3;4;3;3;3;4;3;2;2;1;1;1;3;2;4;1;1;2;4;2;1;2;1;4;4;3;2;4;4;2;3;1;1;Zuschauen ob ich dem Blick der Person folge die auf dem Bild ist und zuerst das Objekt das sie anschaut anschaue. Das ist m glicherweise davon abh ngig ob man eher sozial oder autistisch veranlagt ist.;;5;Schuh, S ge;Frau die auf den M lleimer schaut;;3;0
61;1;22;1;3;1;Rechtswissenschaften;;1;-1,25;-1,25;1;0;2;3;1;2;2;2;1;4;2;1;1;3;2;1;3;2;1;2;2;1;3;3;2;1;3;1;3;1;3;3;1;3;2;22;2;1;4;3;1;3;3;3;2;3;2;3;2;2;2;2;4;1;1;2;1;4;2;1;2;3;1;3;1;3;4;4;2;1;1;Ob Personen dem Blick anderer Menschen folgen und ob dies damit zusammen h ngt wie sozial Menschen sind;Die Personen haben sich immer f r einen von zwei Gegenst nden entscheiden m ssen;4;Blackrole;Eine frau auf dem Balkon, die sich zwischen Computer und Buch entscheiden k nnte;;4;0
62;1;18;1;3;1;Psychologie;;1;-2,5;-2,25;0;1;1;2;1;4;2;3;2;3;1;1;1;3;3;3;2;1;2;3;2;1;3;2;3;1;3;2;3;1;3;2;1;3;1;18;2;1;4;2;2;3;3;3;4;3;2;4;3;3;3;3;2;3;1;3;4;2;2;3;2;4;4;3;3;1;3;4;3;3;3;ob man Objekte besser erinnert, wenn andere Personen sie fokussieren;vor den Personen waren jeweils 2 Objekte eines davon hat die Person fixiert;3;Kaffem hle;jemand mit Hammer und S ge vor dreckiges Geschirr;;6;0
63;1;20;1;3;1;Jura;;1;2;2,5;1;1;3;2;1;3;1;1;2;2;1;1;3;4;3;1;2;1;1;1;3;2;4;2;3;2;1;3;4;3;4;4;1;2;2;20;2;1;2;3;1;4;4;3;4;4;4;4;4;3;4;1;2;1;2;3;3;4;4;2;1;2;4;4;2;2;2;4;3;2;1;Ich hatte ehrlich gesagt keine Ahnung, vielleicht um das Sehverhalten, was einem als erstes auff llt;Die Menschen in den Bildern haben immer auf einen der 2 Gegenst nd auf dem Tisch geschaut;4;Der wei te Stuhl;Die Szenen wo die runde wei e Box vorkam;;5;0
64;1;23;1;4;1;Psychologie;;1;-2,5;-2,75;0;1;2;2;2;3;2;2;1;3;3;1;1;2;3;3;3;2;2;3;1;2;3;2;3;1;1;1;4;1;3;2;1;2;3;23;2;1;3;2;3;3;3;3;3;4;3;2;3;1;3;3;2;2;1;3;3;2;3;2;1;3;3;3;2;3;3;4;2;3;2;Ob man zuerst auf die Gesichter der Menschen oder auf die Gegenst nde achtet;Jeder hatte 2 Gegenst nde vor sich . Auf eines der beiden hat er/sie geachtet;3;Erdbeeren, Messer, PC;Das M dchen in dem Zimmer, wo die Wand wei  war und einen roten Streifen hatte;;4;0
65;0;27;1;3;1;Maschinenbau;;0;;;0;0;2;2;1;3;2;3;2;3;3;2;2;3;3;2;2;2;2;3;4;2;4;4;3;1;4;2;3;1;3;3;1;2;2;27;2;0;2;3;3;2;3;3;1;1;1;2;1;1;2;3;4;1;2;2;3;2;3;1;2;3;2;3;3;3;3;3;2;2;2;Welchen Gegenstand man anschaut abh ngig davon, wo die fotografierten Personen hinschauen;Immer 2 Gegenst nde und eine Person, die einen der Gegenst nde anschaut;5;keins;keins;nein;3;0
66;1;25;1;4;1;Psychologie;;1;0,5;0,5;1;1;1;1;2;4;1;1;1;4;1;1;1;1;4;1;4;1;1;1;1;2;4;1;1;1;4;1;4;1;4;4;1;1;1;25;2;1;4;2;2;1;3;3;2;1;1;1;1;2;2;3;4;1;2;1;2;3;1;1;1;3;2;3;3;4;3;2;2;2;2;;Manchmal 2 Objekte, manchmal nur eines;4;Black Roll;Mann in der K che;;3;30
67;1;22;1;3;1;Wirtschaftswissenschaften;;1;1,5;1,5;0;1;3;2;2;3;1;2;2;3;3;3;2;3;3;2;2;3;2;1;3;1;2;2;2;2;3;3;3;1;3;3;2;2;3;22;2;1;3;2;2;3;2;3;2;2;1;3;2;2;3;3;3;2;3;1;2;3;2;2;2;2;2;2;3;2;3;3;2;2;2;Wahlentscheidungen von verschiedenen Personen zwischen zwei kontroverse Dinge;Personen schauen immer auf eins der Objekte;1;Kamera (Spigelreflex), Blumen in der Krise;Frau vor den Objekten Sitft und Handy;;5;0
68;1;23;1;4;1;Psychologie;;1;;;1;0;1;3;1;4;1;2;2;4;2;1;1;4;3;1;3;1;1;3;4;1;3;2;1;1;3;1;4;1;4;3;1;2;1;23;1;1;3;3;3;2;4;3;2;3;1;4;1;1;3;4;3;1;1;1;2;3;1;4;1;4;1;4;4;1;3;4;2;2;2;Objekte in der Periph rie merken/sehen;ersthaben die Personen ins Nichts geschaut, sp ter auf ein Objekt auf dem Tisch am Ende auch diesen angewandt;4;Globus;Frau im Garten (vor Hecke);;7;0
69;1;29;1;4;1;Psychologie;;;;;;;1;2;1;4;1;3;1;4;3;1;2;3;1;1;3;1;2;2;2;1;3;2;2;1;4;1;4;1;3;3;1;1;2;29;2 und 4;1;3;3;2;3;3;3;1;4;1;2;1;1;3;2;4;1;1;2;3;4;1;2;2;3;2;3;3;4;3;3;2;1;2;Unterschiede in der Blickdauer in Bezug auf die Personen in den Bildern, die Objekte die angeschaut wurden und Objekte, die nicht angeschaut wurden;Immer, nur ein Objekt wird angeschaut, die Objekte sind z.T. sehr skuril f r Alltagssituationen (Person sitzt mit Hammer und S ge am K chentisch);4;Hammer, S ge, Obstschale;Person mit Hammer und S ge am K chentisch;sehr freundliche Versuchsleitung;3;58
70;1;23;1;4;1;Psychologie;;1;-2,75;-2,5;1;1;1;1;1;4;1;1;1;4;1;1;1;4;4;2;4;1;4;1;1;1;4;1;1;1;4;1;4;1;4;4;2;1;1;23;2;1;4;3;1;4;4;3;1;2;1;2;1;1;4;4;4;1;1;1;2;4;1;1;1;3;1;4;4;3;4;3;1;2;1;Darum, dass mein Blick ert darauf geht wohin die Person auf dem Bild geschaut hat. Vermutlich hat man sich mehr Gegenst nde gemerkt, wo die Person hingeschaut hat;Es gab 2 unterschiedliche Thermokannen (eine silberne zum Mitnehmen und eine f r daheim) evtl. verwirrend;3;Stetoskop;Frau die auf  ;;4;17
71;1;29;1;4;1;Psychologie;;1;-0,5;-0,5;1;1;1;1;1;3;1;3;1;3;3;2;2;3;2;2;3;2;2;1;4;2;3;2;1;1;3;2;4;1;3;3;2;3;2;29;2;1;3;2;2;3;2;3;2;2;3;4;3;2;3;2;2;3;2;2;2;3;2;1;2;3;3;2;3;2;2;4;3;3;3;Augenbewegungen;Die Personen haben nie direkt in die Kamera geschaut und hatten alle einen sehr neutralen Gesichtsausdruck;4;Turnschuh;Mann drau en auf einer Terasse mit einem Holztisch;;6;50
72;0;27;1;4;1;BWL;;0;;;;;2;2;1;3;1;3;1;4;1;2;1;4;4;2;2;3;3;3;2;2;4;2;2;1;3;2;2;1;3;2;1;2;3;27;2;0;4;3;2;3;2;3;3;3;2;4;4;2;3;2;3;2;1;2;3;3;2;4;3;2;3;3;3;2;2;4;3;1;2;Studie in der untersucht wird wie lange ich, wo genau auf einem Bild mit meinem Blick verweile;Immer eine Person mit 2 Gegenst ndn in verschiedenen Umgebungen;2;Hammer;Frau im Garten mit Zollstock;;6;35
73;1;29;0;4;1;Psychologie;;1;-2,75;-2,15;1;1;2;1;1;3;1;1;3;3;1;1;2;4;4;2;4;2;2;3;4;3;3;1;2;1;3;1;4;1;4;2;1;3;1;29;2;1;4;3;4;3;4;3;2;1;2;1;2;1;3;2;3;2;1;2;3;2;3;2;1;3;3;2;2;2;3;3;2;1;1;Inwiefern die Blickrichtung einer Person meine Merkf higkeit der Objekte beeinflusst vgl. zu der Ausgefallenheit der Objekte;Anfangs waren manche Gegenst nde in knalligen Farben, der Blickkontakt der Personen war immer auf eins der beiden Objekte gerichtet (das ist mir erst nach ein paar Bildern aufgefallen). Die Hintergr nde waren unterschiedlich detailliert. Ich kann mich meist an beide Objekte eines bIldes oder an keins erinnern;4;Fernglas und schwarz-wei es Kissen;Typ in K che vor Hammer und S gl;wunderbar!;3;53
74;0;25;1;3;1;Wirtschaftsinformatik;;1;-0,25;-0,25;1;0;1;1;1;3;1;2;2;4;3;2;1;4;4;1;2;1;1;2;4;2;4;2;3;1;4;2;2;1;4;2;1;2;4;25;2;0;3;2;1;3;3;3;1;1;2;3;4;2;3;3;2;2;2;4;3;4;4;2;1;3;1;3;3;2;3;3;1;2;3;Herausfinden, ob man sich das Objekt auf das geschaut wurde besser erinnern kann als das andere;Ein Objekt wird immer von einer Person angeschaut;3;;;;3;30
75;1;23;1;4;1;Psychologie;;1;-1;-0,5;0;0;1;1;1;2;2;2;1;3;3;2;1;3;3;3;3;1;1;2;2;3;3;2;2;1;4;1;4;1;3;2;2;1;3;23;2;1;4;2;3;4;2;3;2;2;3;3;1;2;4;2;3;2;1;2;2;3;2;1;1;2;2;3;3;2;4;3;3;2;2;Welcher Gegenstand wird zuerst angesehen > Augenbewegung der Person folgen, An was wird sich erinnert > mit Augenbewegung vergleichen;Manchmal passende Objekte (z.B. Blumen in der K che), manchmal unpassend (z.B. Schuh auf dem Tisch);3;Schuh, Erdbeeren, StetoskopMann in K che (blumen), Junge am Tisch (Getr nke);;;3;30
76;1;23;1;4;1;Pychologie;;2;2,75;2,75;1;0;1;2;1;4;1;1;1;3;2;1;3;4;4;2;4;2;2;3;4;2;3;3;2;1;3;2;4;1;3;3;1;1;1;23;2;1;3;3;2;3;4;3;1;2;2;3;3;1;2;3;4;2;1;2;3;2;2;1;1;4;3;3;2;2;3;4;2;1;1;Erinnerung in Abh ngigkeit von irgendeiner sozialen Variable;Manche Personen betrachten die Objekte, andere nicht;3;Kamera;die am Wittel mit Stuhl und M lleimer;;4;0
77;0;23;1;4;1;Geographie;;0;;;0;0;;;;;1;3;1;3;1;1;1;3;4;3;3;1;1;2;4;2;3;1;2;1;3;2;4;1;3;3;1;2;2;23;2;0;3;4;2;2;3;4;2;3;3;2;3;2;2;4;4;2;1;2;3;2;3;3;1;3;2;3;3;2;2;4;2;2;2;Blicke nachvollziehen;Eine Person, 2 Gegenst nde im Vordergrund, Person blickt zu einem der Gegenst nde;5;;;;2;0
78;1;20;1;3;1;Psychologie;;0;;;1;1;3;2;1;4;1;2;2;2;2;1;1;4;3;1;3;1;1;1;3;1;4;2;3;1;3;1;3;2;3;4;1;2;1;20;2;1;4;3;2;3;3;3;2;2;1;2;2;2;3;2;4;2;1;1;2;3;2;1;1;2;1;3;2;2;4;3;1;1;1;Die Blickrichtung der Personen auf dem Foto beeinflussen die Blickrichtung der VP. Das Objekt das von der Perosn im Bild angesehen wird, wird besser erinnert;;4;Taschenlampe;junger Mann mit langen Haaren;;5;0
81;0;36;1;2;0;;Fr hrentner;0;;;0;0;3;2;1;2;1;1;2;3;1;2;2;4;2;1;3;1;1;1;4;1;4;2;2;1;3;1;4;2;2;3;2;4;1;36;;0;4;3;2;3;4;3;2;3;3;3;2;4;3;4;3;1;2;3;4;4;3;3;2;2;2;3;4;2;1;4;2;1;2;Welche Gegenst nde interessanter sind ( die Betrachteten oder die daneben) und welche man sich merkt;;4;Laptop;die mit dem Elefant;;2;28
82;0;24;1;3;1;Medizin;;0;;;0;0;3;2;2;4;2;3;2;3;1;3;1;4;4;3;3;1;2;2;3;3;4;3;2;2;4;2;3;2;3;4;2;1;3;24;2;0;2;4;2;3;2;3;1;3;2;1;2;1;3;2;2;1;3;3;3;4;3;3;2;3;1;3;2;4;4;2;2;3;1;vermehrte Betrachtung der Gegenst nde, die die Person anschaut und besseres Erinnern dieser Objekte;;4;Stethoskop ;Person, die aussieht wie eine Kommilitonin;;10;0
83;1;34;1;2;0;;Krankenschwester;1;-4,5;-4,75;1;1;2;2;2;3;2;3;2;2;3;2;2;3;3;3;3;2;2;2;3;3;3;2;2;2;3;2;3;1;4;4;1;2;1;34;4;1;3;4;3;2;3;3;3;2;2;1;2;1;3;2;2;2;2;2;3;2;2;1;2;3;2;3;2;4;3;3;3;2;1;Fixation der Gegenst nde der Blickrichtung Person; hnlich: Person + 2 Gegenst nde;3;Gitarre, rote Brille;Melone, Orange, Mann;;10;0
84;1;21;1;3;1;Museologie/Ethnologie;;1;-1;-1;0;1;3;2;1;2;1;1;3;1;1;2;2;4;2;2;4;2;2;1;4;3;2;1;1;2;2;4;3;2;4;3;2;1;2;21;2;1;4;1;3;4;4;3;2;4;3;1;3;2;4;4;4;1;3;3;4;3;1;4;2;3;2;4;4;4;2;4;1;1;1;Darum, wie man sich Dinge einpr gt auf einer visuellen Ebene, und wie Blickrichtung und Mimik anderer Personen diese Wahrnehmung beeinflussen;Jede Person im Bild hat ein Objekt direkt angesehen und das andere ignoriert, sehr auff llig;2;Der quietschrote Toaster;Die Frau mit Feder und Elefant vor diesem tollen Gem lde;Gute Ausf hrung;4;10
85;1;23;1;3;1;Kunstgeschichte;;0;;;0;0;2;1;2;3;2;2;2;1;4;2;4;2;1;3;3;2;2;2;1;2;1;2;2;3;4;1;2;2;3;2;4;2;1;23;2;1;2;3;3;4;3;1;3;3;1;2;2;3;3;3;2;3;1;4;3;2;4;3;2;1;4;3;4;2;2;3;4;3;2;Objekte genau zu beobachten und wissen, was man davon erinnern kann;Wie die Personen in den Bildern die Objekte gucken;3;Wassermelone;Mann, der auf die Wassermelone schaut;;6;47
86;1;21;1;3;1;Zahnmedizin;;0;;;0;;1;2;1;3;1;2;1;4;2;2;1;3;4;2;2;3;2;1;3;1;4;3;1;1;4;3;3;1;3;4;1;2;3;21;2;1;3;3;3;3;3;4;2;3;3;2;2;2;2;2;2;3;3;3;3;3;3;1;2;4;3;2;3;1;4;2;4;2;3;Ob man von der Blickrichtung der Personen im Bild beeinflusst wird und daraufhin l nger auf den dem Blick zugewandten Gegenstand guckt und sich diesen besser merken kann;Die Personen waren stets einem Gegenstand zugewandt;3;;;;10;0
87;1;26;1;4;1;MA PSS;;0;;;0;0;2;2;1;3;2;2;1;3;2;2;2;3;3;2;2;2;2;2;3;1;3;3;2;1;3;2;4;1;3;3;1;2;2;26;2;1;3;3;3;2;3;3;2;3;1;2;2;2;3;2;3;2;1;2;3;2;2;3;1;3;2;3;3;3;2;3;2;2;2;Beobachtung einer sozialen Situation mit zwei potentiellen Wahlm glichkeiten (Objekte, die vor den Personen lagen);;2;Erdbeeren,;Szenen, in deden die Person sehr explizit positive oder negative Mimik hatte;;4;30
88;1;36;1;3;1;Lehramt Realschule Mathe und Reli;;0;;;0;0;3;3;4;1;1;2;4;3;1;3;1;2;1;3;1;1;3;4;2;4;1;3;4;1;1;3;2;3;1;1;2;4;2;36;2;1;4;2;4;4;2;1;4;4;4;4;4;4;3;3;1;4;1;4;1;1;2;3;4;4;4;2;3;1;1;4;3;4;4;Interesse an Menschen oder Gegenst nden;Auf den Bildern blicken die Menschen auf einen bestimmten Gegenstand;3;Vase mit rosa Blume;Das M dchen mit dem Handtuch;;6;10
89;0;25;1;3;1;Politikwissenschaft;;1;1,75;1,5;1;1;2;1;1;2;1;2;2;4;1;1;1;4;3;3;4;2;2;2;3;2;3;3;2;1;2;1;3;1;2;4;2;3;3;25;2;0;2;3;3;3;2;3;4;2;4;3;3;1;2;2;4;1;1;4;3;2;4;3;2;3;4;4;1;4;4;3;3;1;2;Ob man mehr die Personen oder die Gegenst nde betrachtet;Alle Bilder waren in etwa gleich strukturiert, die Personen waren eher einem niedrigen Bildungsniveau zuzuordnen;4;Zollstock ;"Mann in K che mit Werkzeug; Frau am Wittelsbacherplatz in W rzburg (Phil II)";;4;40
90;1;29;1;5;0;;Lehrerin;1;-2,5;-2,5;0;1;1;1;3;3;1;2;1;1;2;1;2;3;3;2;4;3;2;2;2;2;1;2;1;1;3;1;4;1;3;4;1;1;2;29;4;1;3;3;2;3;3;3;4;2;2;1;1;2;2;3;2;2;2;1;4;3;1;2;1;3;3;3;2;3;4;3;1;2;2;Ged chtnisleistung abh ngig v bestimmten visuellen Merkmalen (zB Gegenst nde, die kategorisch zusammengeh ren);Manche Bilder haben inhaltlich zusammengepasst (zB Orange und Melone);2;Die Bulme in der Vase;Szene im Wittel/(M lleimer und Stuhl);;8;30
91;0;31;1;3;1;PSS/Geschichte;;Rot/Gr nschw che;;;0;0;2;2;2;4;3;2;2;4;2;1;1;4;2;2;2;2;2;2;3;2;4;2;2;1;3;3;3;2;3;3;1;2;3;31;2;0;3;3;3;4;3;2;3;2;3;4;2;3;4;3;4;3;1;2;2;3;2;3;2;2;3;3;2;1;1;4;2;1;3;Untersuchung auf was der Fokus gelegt wird, ob mehr Personen oder Objekte betrachtet werden;;5;Sportrolle, Smartphone, Laptop, Ventilator;Wohnzimmer mit  lterer Frau auf Sofa und Ventilator auf Weinkiste;;5;20
92;1;25;1;3;1;Spanisch/Portugiesisch/PSS;;0;;;0;0;1;2;2;4;2;1;1;3;1;1;1;2;3;1;4;1;2;1;3;2;3;2;1;1;4;1;4;1;3;3;1;1;2;25;2;1;3;2;1;4;3;3;1;2;1;3;2;1;3;3;3;2;3;4;3;4;1;4;1;3;1;3;4;3;4;4;3;2;1;Ob die Objekte, die vor der Person im Bild betrachtet werden besser erinnert werden k nnen, als die anderen (Hineinversetzen in die Perspektive der Person);Ein Objekt wurde von der Person im Bild, eins oder mehrere nicht. Anzahl der Objekte divergierte, oft jedoch nur 2 auf einer Oberfl che;3;Orange, Gl hbirne, Laptop, Pflanzen, Zunge, Mahlmaschine,;Gartenszene (mann und obst), K che (mit Kaffeekanne);interessantes Experiment, hat Spa  gemacht;6;29
93;1;20;1;3;1;Jura;;0;;;0;0;2;2;2;4;1;2;2;3;2;3;2;4;2;3;2;3;1;2;4;1;3;2;1;2;3;2;3;2;3;3;2;2;2;20;2;1;3;2;3;3;3;2;3;2;2;2;2;2;3;3;3;2;1;2;2;1;2;2;2;3;3;3;3;2;3;3;2;2;2;M glicherweise geht es darum, den Zusammenhang zwischen der Merkf higkeit und der Fokussierung auf bestimmte Objekte zu testen;Mir ist aufgefallen, dass ich mich viel st rker auf die Gesichter der Personen konzentriert habe und mir diese viel st rker als die Objekte in Erinnerung geblieben sind;4;Kamera;Szene mit der Frau im Garten;;2;25
94;0;23;1;3;1;Medienkommunikation;;0;;;0;0;2;2;2;4;1;1;1;4;2;2;2;3;3;2;3;2;2;1;2;2;4;3;2;1;3;2;3;2;3;3;1;2;3;23;2;0;3;2;2;3;3;3;2;2;2;3;2;2;2;2;4;2;3;2;2;3;2;2;2;3;2;2;3;3;3;2;2;2;2;Besser Erinnerung bei Gegenst nden, die angeschaut werden (im Bild);;3;S ge;Auf dem Balkon;;10;0
95;1;23;1;4;1;Sonderp dagogik;;1;-3,75;-3,5;1;1;1;1;2;4;1;2;1;4;2;1;2;4;4;2;4;1;1;2;2;2;3;2;2;1;4;1;1;1;3;2;1;2;1;23;2;1;4;2;1;4;3;4;3;3;1;2;1;2;3;3;3;1;1;3;2;3;1;3;1;4;3;3;3;3;3;4;2;3;1;Erinnerungsf higkeit bzw. Aufnahmef higkeit bzgl. Der gezeigten Bilder;Vor der x-beliebigen Person waren immer zwei verschiedene Gegenst nde und eine davon hat sie/er immer angeschaut;3;M lleimer;Frau wo auf ihr Handy schaut und neben dran der Stift liegt;;5;53
96;1;30;1;3;1;Medizin;;0;;;0;0;2;1;1;4;2;1;1;4;2;2;1;4;4;2;4;1;1;2;4;2;4;2;2;1;3;2;4;1;3;4;1;1;2;30;2;1;4;3;1;3;3;4;1;3;2;1;1;1;2;3;4;1;2;2;3;3;2;1;1;4;1;3;3;3;2;3;2;2;2;Ob man sich Dinge besser merken kann, die die Menschen fixiert haben;Ich glaube, wenn der Hintergrund sehr unruhig war, also viel anderes zu sehen war, konnte ich mich schlechter an die Gegenst nde erinnern;2;Stethoskop;Frau in der K che mit Thermoskanne & Blume;;10;0
